{
    "total_ground_truth": 2583,
    "total_llm_output": 2437,
    "total_matched": 2146,
    "overall_precision": 0.8805908904390645,
    "overall_recall": 0.8308168795973674,
    "overall_f1": 0.854980079681275,
    "overall_hallucinated": 291
}