{
    "total_ground_truth": 612,
    "total_llm_output": 608,
    "total_matched": 589,
    "overall_precision": 0.96875,
    "overall_recall": 0.9624183006535948,
    "overall_f1": 0.9655737704918032,
    "overall_hallucinated": 19
}