{
    "total_ground_truth": 923,
    "total_llm_output": 904,
    "total_matched": 884,
    "overall_precision": 0.9778761061946902,
    "overall_recall": 0.9577464788732394,
    "overall_f1": 0.9677066228790365,
    "overall_hallucinated": 20
}