Model,Complexity_Type,Complexity_Level,Ground_Truth_Events,Extracted_Events,Correctly_Extracted,Precision,Recall,F1,Hallucinated_Events
gpt-4.1,nodes_complexity,Medium,725,717,668,0.9316596931659693,0.9213793103448276,0.926490984743412,49
gpt-4.1,nodes_complexity,High,1048,885,716,0.8090395480225989,0.683206106870229,0.7408173823072944,169
gpt-4.1,nodes_complexity,Low,810,806,782,0.9702233250620348,0.9654320987654321,0.9678217821782178,24
