Model,Complexity_Type,Complexity_Level,Ground_Truth_Events,Extracted_Events,Correctly_Extracted,Precision,Recall,F1,Hallucinated_Events
claude-3-haiku-20240307,nodes_complexity,Medium,725,579,500,0.8635578583765112,0.6896551724137931,0.7668711656441717,79
claude-3-haiku-20240307,nodes_complexity,High,1048,616,406,0.6590909090909091,0.38740458015267176,0.48798076923076916,210
claude-3-haiku-20240307,nodes_complexity,Low,810,665,589,0.8857142857142857,0.7271604938271605,0.7986440677966101,76
