Model,Complexity_Type,Complexity_Level,Ground_Truth_Events,Extracted_Events,Correctly_Extracted,Precision,Recall,F1,Hallucinated_Events
claude-3-haiku-20240307,total_complexity,Medium,923,726,646,0.8898071625344353,0.6998916576381365,0.7835051546391752,80
claude-3-haiku-20240307,total_complexity,High,1048,616,406,0.6590909090909091,0.38740458015267176,0.48798076923076916,210
claude-3-haiku-20240307,total_complexity,Low,612,518,443,0.8552123552123552,0.7238562091503268,0.784070796460177,75
