Model,Complexity_Type,Complexity_Level,Ground_Truth_Events,Extracted_Events,Correctly_Extracted,Precision,Recall,F1,Hallucinated_Events
gemini-2.0-flash,nodes_complexity,Medium,725,544,541,0.9944852941176471,0.7462068965517241,0.8526398739164698,3
gemini-2.0-flash,nodes_complexity,High,1048,664,629,0.947289156626506,0.6001908396946565,0.7348130841121495,35
gemini-2.0-flash,nodes_complexity,Low,810,633,627,0.990521327014218,0.774074074074074,0.869022869022869,6
