Model,Complexity_Type,Complexity_Level,Ground_Truth_Events,Extracted_Events,Correctly_Extracted,Precision,Recall,F1,Hallucinated_Events
claude-3-7-sonnet-20250219,nodes_complexity,Medium,725,706,686,0.9716713881019831,0.9462068965517242,0.9587700908455625,20
claude-3-7-sonnet-20250219,nodes_complexity,High,1048,902,807,0.8946784922394678,0.7700381679389313,0.8276923076923077,95
claude-3-7-sonnet-20250219,nodes_complexity,Low,810,803,800,0.9962640099626401,0.9876543209876543,0.9919404835709857,3
