{
    "total_ground_truth": 810,
    "total_llm_output": 790,
    "total_matched": 782,
    "overall_precision": 0.9898734177215189,
    "overall_recall": 0.9654320987654321,
    "overall_f1": 0.9774999999999999,
    "overall_hallucinated": 8
}