Model,Complexity_Type,Complexity_Level,Ground_Truth_Events,Extracted_Events,Correctly_Extracted,Precision,Recall,F1,Hallucinated_Events
claude-3-5-sonnet-20241022,nodes_complexity,Medium,725,693,672,0.9696969696969697,0.926896551724138,0.9478138222849083,21
claude-3-5-sonnet-20241022,nodes_complexity,High,1048,837,739,0.8829151732377539,0.7051526717557252,0.7840848806366048,98
claude-3-5-sonnet-20241022,nodes_complexity,Low,810,790,782,0.9898734177215189,0.9654320987654321,0.9774999999999999,8
