Model,Complexity_Type,Complexity_Level,Ground_Truth_Events,Extracted_Events,Correctly_Extracted,Precision,Recall,F1,Hallucinated_Events
claude-3-5-haiku-20241022,links_complexity,Medium,880,758,681,0.8984168865435356,0.7738636363636363,0.8315018315018314,77
claude-3-5-haiku-20241022,links_complexity,High,735,468,304,0.6495726495726496,0.41360544217687073,0.5054031587697423,164
claude-3-5-haiku-20241022,links_complexity,Low,968,892,827,0.9271300448430493,0.8543388429752066,0.8892473118279569,65
